stt,thema
얼마 전에 아파트 인테리어를 새로 했는데 그때 베란다에 방수 시트를 깔았거든요,베란다에 텃밭 가꾸기
(NO:저희) 집은 북동향이라 햇빛이 잘 들어오는 편은 아니에요,베란다에 텃밭 가꾸기
다들 남향집을 찾는데 희한하게도 햇빛이 강한 집이 싫더라고요,베란다에 텃밭 가꾸기
흙은 그냥 아파트 앞에 있는 걸 퍼다 써도 될까요,베란다에 텃밭 가꾸기
왜요 화초는 보통 며칠 주기로 물을 충분히 주는게 좋다고 하던데,베란다에 텃밭 가꾸기
화분을 사려고 했는데 처음부터 그럴 필요 없는 거죠 ,베란다에 텃밭 가꾸기
밖에서 아이스커피를 먹을 때 이제부터 버리지 말고 집에 가져와야겠네요,베란다에 텃밭 가꾸기
그런데 현대에 들어서면서 육류 섭취가 늘어나고 그것 때문에 변이 단단해져서 변비가 생기(SP:기) 시작한 거더라고,변비에 좋은 음식
육류도 문제지만 튀김류나 인스턴트 음식이 더 문제야,변비에 좋은 음식
변이 굳는 것뿐만 아니라 (NO:) 소화 시간이 오래 걸리기 때문에 배변 횟수까지 감소시키거든,변비에 좋은 음식
매일 아침마다 이 음식을 한 입씩 챙겨 먹으면 돼 ,변비에 좋은 음식
올리브 오일에는 올레인산이라는 영양 성분이 들어있거든 ,변비에 좋은 음식
올레산이라고도 불리는 데 장수에 도움이 된다고 유명한 성분이야,변비에 좋은 음식
올레산이 굳어진 변을 부드럽게 풀어주고 장 내벽을 미끄럽게 만들어줘서 숙변 배출에 도움이 되거든,변비에 좋은 음식
응 (NO:)매일 유기농 식단 챙기는 것보다 낫지 않겠어,변비에 좋은 음식
내가 이 방법을 텔레비전에서 봤는데 거기 나온 사례자는 올리브 오일을 먹으면서 간단한 운동을 했더니 일주일만에 효과를 봤대,변비에 좋은 음식
더구나 올레산은 다이어트에도 효과가 있다네,변비에 좋은 음식
공복 시간이 길어질수록 장이 먹는 걸 잘 흡수하니까 아무래도 효과가 클 거야,변비에 좋은 음식
올리브 오일은 일일 권장량이 철저하게 제한되는 식품이야,변비에 좋은 음식
하루에 이십 밀리리터를 넘기지 않는 게 좋아,변비에 좋은 음식
우리나라는 아직 오일 생식 문화가 발달하지 않아서 생식용 올리브 오일을 찾기는 쉽지 않아,변비에 좋은 음식
(NO:)오늘 저녁 반찬으로 달걀 조림을 하려고 계란을 삶고 있어,식초 활용법
응 물이 보글보글 끓기 시작할 때 식초를 넣으면 계란이 잘 깨지지 않거든,식초 활용법
그건 식초 속에 들어있는 성분이 계란의 단백질을 응고시키기 때문이야,식초 활용법
계란을 삶을 때 식초를 넣으면 껍질이 깨지지 않을 뿐 아니라 껍질을 깨끗하게 벗길 수 있어,식초 활용법
식초를 넣으면 매끈하고 탱탱한 달걀 조림을 만들 수 있을 거야,식초 활용법
백화점에서 꽤 큰 돈을 주고 샀던 거 같은데,식초 활용법
식초로 닦으면 금방 깨끗해질 텐데 그걸 왜 버려,식초 활용법
이렇게 만든 식초 스프레이를 선글라스에 뿌리고 안경닦이로 닦으면 새것처럼 깨끗해져,식초 활용법
집에 다리미가 없거나 다림질이 엉성할 때 쓰면 좋아,식초 활용법
식초는 섬유를 부드럽게 해주는 (NO:성분)이 있기 때문(NO:에) 주름을 쉽게 펼 수 있거든,식초 활용법
식초 스프레이를 (NO:뿌리고) 십 분 이상 (NO:)햇볕에 건조시키면 주름이 펴지는 걸 확인할 수 있을 거야(NO:),식초 활용법
지난번 뉴욕 여행 갔을 때 사온 건데 커피 특유의 산미가 좋아서 (NO:사)왔거든,커피 찌꺼기 활용법
나도 탈취 효과가 있다는 얘기를 듣기는 했는데 그거 말고도 또 있나,커피 찌꺼기 활용법
여름철에 (NO:제)습제 사는데 들어가는 돈도 만만치 않은데 좋은 방법이네,커피 찌꺼기 활용법
커피 내리고 남은 찌꺼기인데 영양 성분이 있나,커피 찌꺼기 활용법
베란다에 있는 화분들에 거름으로 주려면 꽤 많은 양이 필요하겠는데,커피 찌꺼기 활용법
아 기름 때를 제거할 때 커피 찌꺼기로 닦으면 좋다고 (NO:하더니) 같은 원리구나,커피 찌꺼기 활용법
나름 커피 마니아라고 자부해왔는데 마실 줄만 알았지 그런 다양한 활용법이 있는지는 꿈에도 몰랐네,커피 찌꺼기 활용법
맞아 아무래도 원목은 물건에 살짝만 부딪쳐도 흠집이 나니까 엄청 신경이 쓰이더라고,커피 찌꺼기 활용법
그럴 때도 커피 찌꺼기를 활용하면 되는 거지 ,커피 찌꺼기 활용법
듣다보니 지금까지 버린 커피 찌꺼(NO:기가) 너무 아까워지네 ,커피 찌꺼기 활용법
그건 그렇지 사실 혼자 밥 먹는 게 어색한 것도 그런 시선 때문이기도 하고,혼족을 위한 지원 정책
그런데 요새 혼족들이 더 많아진 거 같은데 그 이유가 뭘까,혼족을 위한 지원 정책
일인 가구를 위한 행복주택 같은 것도 그런 거지,혼족을 위한 지원 정책
(NO:)(NO:얼마 전) 집 구할 때 보니까 역세권 집들은 역에서 먼 집들에 비해 일 점 오 배 정도 비쌌던 거 같은데,혼족을 위한 지원 정책
그래야겠네 시세의 육십 프로로 (NO:) 이십 년이면 너무 좋은 조건이네,혼족을 위한 지원 정책
직장이 없으면 대출도 못 받고 서러웠는데 좋은 제도네,혼족을 위한 지원 정책
오 그 정도면 전세집 마련은 걱정이 없지,혼족을 위한 지원 정책
일억이 없어서 비싼 월세를 내는 (NO:경우가) 얼마나 많은데,혼족을 위한 지원 정책
(SP:)아 (NO:나도) 월세 내느니 (NO:그 돈으로) 적금을 부으면 좋겠다는 생각 많이 해봤어,혼족을 위한 지원 정책
마을 사람들이 농번기 때 힘을 합해서 같이 농사짓는 그런 거,혼족을 위한 지원 정책
근데 아무리 주방이랑 거실이라도 같이 쓰면 불편하지 않을까,혼족을 위한 지원 정책
혼자 오피스텔이나 원룸에 살다보면 외로울 때가 많은데 적어도 그런 건 없겠구나,혼족을 위한 지원 정책
같이 밥도 해먹고 티비도 보고 하면 즐거울 것 같네,혼족을 위한 지원 정책
우리도 자격이 되면 같이 한번 신청해 보자,혼족을 위한 지원 정책
하나가 되면 하나가 안 되(NO:고) (NO:애들 공부는) 어려워 (NO:그치),암기 잘하는 법
학원에서 암기법을 배웠는데 그게 도움이 된 모양이더라고,암기 잘하는 법
내가 아는 걸 얘기해 (NO:줄테니) 도움이 됐으면 좋겠네,암기 잘하는 법
우선 무조건 외우기보다는 같은 내용을 여러 번 (NO: 읽으면) 보다 효과적으로 암기할 수 있대,암기 잘하는 법
칠회독 공부법이라고 평범한 사람도 일곱 번만 제대로 통독하면 책 한 권이 머리 속에 복사된다는 원리야,암기 잘하는 법
예전에 우리 학교 다닐 때 조선시대 임금 연대순으로 외웠던 방법 기억나,암기 잘하는 법
어 너도 (NO:기억하네) 그렇게 외우면 스트레스도 덜 받았던 것 같아,암기 잘하는 법
암기의 가장 좋은 방법 중 (NO:하나가) 친구들하고 서로 문제를 내고 푸는 거야,암기 잘하는 법
혼자서 죽도록 외워도 나중에 문제를 풀려고 하면 가물(NO:가물한) 경우가 많잖아,암기 잘하는 법
그럴 때는 친구들과 시험에 나올 부분을 문제로 만들어서 풀어보면 좋아,암기 잘하는 법
시험 문제를 내면서 한 번 복습 문제를 풀면서 또 한 번 복습할 수 있는 효과가 있지,암기 잘하는 법
처음에는 조금 어렵겠지만 설명하다 보면 익숙해지고 재미를 붙이더라고,암기 잘하는 법
그 나이에 필요한 건 잔소리가 아니라 아이의 생각을 들어주는 거거든,암기 잘하는 법
걱정마 내가 너한테 언제 그렇게 화를 냈다고 그래,운전 초보자 주차하기
(SN:)주차도 알고 보면 그리 어렵지 않아,운전 초보자 주차하기
주차는 많은 변수를 경험하고 자꾸 연습하면 누구나 잘할 수 있어,운전 초보자 주차하기
주차는 보통 세 가지 상황으로 나뉘어 지니까 그걸 연습해 보자,운전 초보자 주차하기
알았(NO:어) 너는 후진 주차와 전진 주차 중 어느 게 쉬운 것 같아,운전 초보자 주차하기
자 그럼 전진 주차부터 같이 해보자,운전 초보자 주차하기
옆에 차 보이지 그 차와 일미터 거리를 두고 진입한다고 생각하는 거야,운전 초보자 주차하기
그렇지 그리고 왼쪽 라인이 내 차의 앞바퀴와 일직선이 되면 멈추는 거야,운전 초보자 주차하기
아니 왼쪽을 맞추라니까 오른쪽을 맞추니까 그렇지,운전 초보자 주차하기
아니야 차가 한쪽으로 치우치면 후진과 전진을 반복하면 되니까 당황하지 말고,운전 초보자 주차하기
그런 섭섭한 말을 내가 얼마나 친절한 사람인데,운전 초보자 주차하기
초보들은 흔히 전진 주차가 쉽다고 (NO:생각하지만 원리만 잘 알면) 오히려 후진 주차가 더 쉬워,운전 초보자 주차하기
(NO:)사이드 미러만 잘 봐도 후진 주차를 잘할 수 있어,운전 초보자 주차하기
자 해볼까 일단 주차된 차량과 오십 센티미터 거리로 진입해,운전 초보자 주차하기
사이드 미러를 보면서 내 차량 뒤 범퍼가 (NO:오른쪽에 주차된) 차량의 번호판에 올 때(NO:까지) 전진하는 거야,운전 초보자 주차하기
(NO:)그런 다음 스티어링 휠을 오른쪽으로 최대한 돌린 다음 천천히 후진해 ,운전 초보자 주차하기
그렇지 주차된 차들과 수평이 (NO:됐다면) 스티어링 휠을 (NO:풀어 바퀴를 일직선으로) 맞춘 다음 후진하면 돼(NO:),운전 초보자 주차하기
근데 너 가르치다가 내가 제명에 못 죽을 거 같네,운전 초보자 주차하기
다 쓸 데가 있으니까 괜한 걱정은 안 하셔도 됩니다,김빠진 콜라 활용법
아니라니까 어제 자기가 내가 해준 불고기 맛있다고 한 거 기억 안나,김빠진 콜라 활용법
불고기 만들기 전에 생고기를 김빠진 콜라에 삼십 분 정도 재워(NO:둬서) 잡내도 안나고 부드러웠던 거야,김빠진 콜라 활용법
콜라에는 인산 성분이 들어있는데 이게 단백질을 분해해서 부드럽게 해줘 잡내도 없애주고,김빠진 콜라 활용법
(SN:)찜닭에 콜라를 넣는 건 단맛을 내기 위해서지만 고기나 생선의 비린내를 잡고 싶을 때도 콜라에 담가(NO:두면) 좋아,김빠진 콜라 활용법
그뿐 아니야 옷에 기름이 튀거나 페인트가 묻었을 때도 콜라를 사용해 빨래를 하면 깨끗해져,김빠진 콜라 활용법
모르는 소리 오염된 부분에 콜라를 부어주고 십 분 정도 후에 비누로 씻어주면 얼룩 제거는 물론 탈취 효과까지 얻을 수 있다고,김빠진 콜라 활용법
(NO:콜라)를 천에 적셔서 잠시 동안 녹슨 볼트를 감싸줘,김빠진 콜라 활용법
기다려보시라니까 볼트가 충분히 젖었다고 생각되면 천으로 녹슨 부분을 (NO:닦아)내 봐,김빠진 콜라 활용법
그렇지 인상 성분이 부식을 일으켜서 녹을 쉽게 제거해 주는 거야,김빠진 콜라 활용법
지금 콜라 안 버렸다고 나한테 핀잔준 거 면피하려고 이러는 거지,김빠진 콜라 활용법
그게 아니면 자기가 한번 닦아(NO:주면) 좋잖아,김빠진 콜라 활용법
집안일 거들어준다고 약속한 게 언제였더라,김빠진 콜라 활용법
녹슨 볼트와 같은 원리인데 가스(NO:레인지에) 콜라를 부어서 기름때를 분리시켜 준 후 닦아내야 더 깨끗해진다고,김빠진 콜라 활용법
나도 요즘 너무 여행이 가고 싶은 거 있지 (NO:),고속도로 휴게소 백배 이용하기
좋아 그럼 교통편은 어떻게 할까 버스 기차 자동차,고속도로 휴게소 백배 이용하기
일주일 내내 일하고 휴일에 운전하려면,고속도로 휴게소 백배 이용하기
좋아 피곤하면 고속도로 휴게소에서 잠시 쉬면 되니까,고속도로 휴게소 백배 이용하기
그게 바로 국내 여행에서 빼놓을 수 없는 매력 중 하나지,고속도로 휴게소 백배 이용하기
휴게소마다 지역 특산물로 만든 음식을 팔기도 하더라고,고속도로 휴게소 백배 이용하기
아직 우리나라 휴게소가 얼마나 대단한지 잘 모르는구만,고속도로 휴게소 백배 이용하기
횡성 휴게소에는 횡성 떡갈비가 있고 임실 휴게소에는 임실 치즈 철판 볶음밥이 있어,고속도로 휴게소 백배 이용하기
서산 휴게소에는 어리굴젓 백반이 있지 강릉 휴게소의 초당두부 황태국밥도 빼놓을 수 없는 메뉴고,고속도로 휴게소 백배 이용하기
드라이브를 좋아하는 사람들이 쉬는 날 모여 전국 방방곡곡의 휴게소를 여행하는 동호회야,고속도로 휴게소 백배 이용하기
휴게소에 대해서 잘 알면 먹을거리 말고도 얻을 수 있는 혜택이 많아,고속도로 휴게소 백배 이용하기
휴게소에는 셀프 서비스 코너가 있어서 타이어 공기압 주입 (NO:)매트 청소 등 간단한 서비스를 무료로 이용할 수 있어,고속도로 휴게소 백배 이용하기
그건 아니고 고속도로 휴게 시설 앱을 통해서 확인하면 어디서 어떤 서비스를 받을 수 있는지 알 수 있어,고속도로 휴게소 백배 이용하기
추석에 고향 갈 때는 장거리 운전을 하게 되잖아,고속도로 휴게소 백배 이용하기
졸음 운전 예방을 위해 수면실을 갖춘 곳도 있고 찝찝한 몸을 씻을 수 있는 샤워실을 갖춘 곳도 있지,고속도로 휴게소 백배 이용하기
심지어 더러워진 옷을 세탁할 수 있는 코인 세탹실을 갖춘 휴게실도 있다고,고속도로 휴게소 백배 이용하기
칠곡 휴게소와 문경 휴게소에는 캡슐형 수면실이 있고 김천 휴게소에는 샤워실이 마련돼 있어,고속도로 휴게소 백배 이용하기
휴식을 취할 공간이 있으면 추석 나들이가 더 즐거워질 거 같지 않아,고속도로 휴게소 백배 이용하기
이십 사시간 이용할 수 있는 무인 빨래방이라 편리하다고 하더라고,고속도로 휴게소 백배 이용하기
잘 적어놨다가 지방 출장 갈 때 이용해 봐 ,고속도로 휴게소 백배 이용하기
커피 과하게 마시는 거 아니면 좋다고 하던데,홍차 마시기 
응 그거 참 신기하더라 그게 다 녹차 잎에서 나온다니 ,홍차 마시기 
종류가 너무 많아서 고르기 쉽지 않더라고,홍차 마시기 
그런 잉글리시 블랙퍼스트 티 이런 건 영국에서 재배한 건 아니잖아,홍차 마시기 
커피 다른 거 섞어서 이름 따로 만드는 거랑 비슷하구나 ,홍차 마시기 
그래 오렌지 껍질 말린 거 이런 거랑 같이 넣은 티들 맛있더라 ,홍차 마시기 
여행가서 그런 거 산 건 다 실패였는데 ,홍차 마시기 
그러니까 맨날 요리 만들어서 인스타 올리더라,요리 개발하기 
그나저나 요리 연구가님 어떤 요리를 개발하셨나,요리 개발하기 
아 그거 용수산에서 하는 거 아니야,요리 개발하기 
전복찜은 일식 요리에 나오는 거 아니야,요리 개발하기 
이게 요리 잘 하는 사람은 뭐가 달라도 다른(NO:가) 보다  ,요리 개발하기 
그렇지 요즘 그거 다 비치해 둬야 하잖아(NO:),손소독제 위험
그럼 조그마한 자극에도 불이 붙을 수 있구나,손소독제 위험
그게 손이 당기는 것도 알코올 성분 때문이겠네,손소독제 위험
그럼 좋은 단백질 성분까지 다 녹여서 손이 당기는 거구나 ,손소독제 위험
어떤 사람은 세균 죽인다고 얼굴까지 막 바르고 그런다는데,손소독제 위험
응 어린 (NO:애들)한테는 특별히 (NO: 당부를 해야겠다 ),손소독제 위험
대학생들은 배낭에 달고 다니기도 하던데 혹시라도 그거 밖에서 쏟아지면 위험할 수도 있겠다,손소독제 위험
그럼 요즘은 무선 물걸레 청소기도 없으면 못 살아 ,청소기 고르기 
난 그거 사고 싶었는데 친구가 손목 아프고 비싸다고 난리를 펴서 딴 거 샀어 ,청소기 고르기 
응 내가 좋아해서 항상 많이 물어보는 친구야 ,청소기 고르기 
그렇지 전 세계가 일단 멈춤을 (NO:했으니 )호텔에 파리 날리지 ,호캉스 즐기기 
근데 호텔은 말이야 이틀은 해야지 쉬는 거 같이 쉬어,호캉스 즐기기 
생각해 봐 세 시 체크인하지 다음날 열두 시 체크아웃 해야 하지 ,호캉스 즐기기 
종일 쉬려면 이틀은 되어야 쉬는 것 같이 쉰다니까 ,호캉스 즐기기 
그런 (NO:와중에) 또 그 혜택 (NO:본다고) 룰루랄라 놀러 가는 우린 뭐니,호캉스 즐기기 
스낵은 준다고 하니까 밥 한끼만 나가서 먹으면 어떨까,호캉스 즐기기 
요즘 테이크 아웃만 되는 커피숍이 부지기수인데 알바생에게 어떻게 감동을 먹을까,컵홀더 응원 문구
하긴 그래도 플라스틱 뚜껑에 썼으면 더 (NO:짧았겠다 ),컵홀더 응원 문구
정말 요즘 기분 좋은 일이 없으니까 (NO:그런 작은 미담도) 큰 울림이 된다 ,컵홀더 응원 문구
그렇게 뭔가(NO:에) (NO:정성을 들이는 사람은) 뭐가 (NO:되도) 될거야 ,컵홀더 응원 문구
그런데 한의사가 왜 요리책을 냈대 이것도 약이야,독서 후기
사실 나도 요즘 채식을 해보면 어떨까 그런 생각이 들어 ,독서 후기
(NO:인수) 공동 감염 바이러스 얘기고 나오고 (NO:하니까) 그랬는지 어쨌는지,독서 후기
응 공덕역에 있는 서울 창업 허브 이런 데가 있어 ,유니콘 기업 
응 잘 되어 있더라고 거기 사무실을 가지고 스타트업 하는 데들도 많고 ,유니콘 기업 
심사를 통해서 스타트업으로의 역할을 잘 할 수 있는 지를 가리나 봐 ,유니콘 기업 
그렇지 스타트업은 그야말로 (NO:새로운 장을 여는) 기업을 말하니까,유니콘 기업 
음 지금 코로나 때문에 당분간 관광 시장이 위축될 거라서 어떨지 모르겠다 ,유니콘 기업 
그렇다니까 니 동생이 너네 집을 일으킬 수도 있어 ,유니콘 기업 
(NO:예전에는) 스타트업이 개발하면 대기업이 빼앗아가고 그랬는데 (NO:) 그런 시대가 아니잖니,유니콘 기업 
응 그래서 요즘은 윈윈 시스템을 만드는 경우가 많더라고,유니콘 기업 
(NO:그런) 문화가 만들어지는 게 아주 중요(NO:하다고) 생각해 (NO:),유니콘 기업 
(NO:중국 사람들이 그런대) 어떻게 그렇게 스토리를 잘 만들 수 있냐고 묻는대 ,동화책 소개
(NO:그렇겠다 나는) 제주도 가면 비자림숲 잘 갔는데 ,제주어 배우기 
비자림 정말 유명했지 근데 곶자왈은 잘 몰랐어 ,제주어 배우기 
(NO:)근데 옛날에 우리 어릴 때 제주도 가서는 그런 거 못 봤잖아,제주어 배우기 
어이구 무슨 소리야 이제부터 내가 너를 낭이라 부를게 ,제주어 배우기 
아니 잔금까지 다 치렀는데 이사를 안 나가서 기염했어,이사 중 사고 이야기
근데 또 이삿짐 센터 사람들이 안 나타나고 그러니까 그 유학생은 없어져 버린 거야 ,이사 중 사고 이야기
응 정말 다시 한 번 엄마의 활약을 (NO:봤지) 오랜만에,이사 중 사고 이야기
(SN:)두 부동산 사람 불러 놓고 지금 당장 내 앞에서 해결하라고 호통을 치시더라고,이사 중 사고 이야기
(NO:그랬겠다) 생각만 해도 끔찍하다 그래서 보상은 받았어,이사 중 사고 이야기
(SN:)말도 안돼 그럼 안되지 (NO:) 그런 일 없으려고 대기업에 맡기는 건데,이사 중 사고 이야기
조금씩 하고 있어 그게 그렇게 진을 빼고 났더니 며칠 아무것도 못하겠더라고,이사 중 사고 이야기
음 실용적으로 휴지랑 비누 사줘 이사할 (NO:땐) 그런 거 주는 거 아니야,이사 중 사고 이야기
지금 일 년 돼 가는데 한 사 킬로그램 정도 빠진 거 (NO:같아요),간헐적 단식 효과 
건강이 나쁘지는 않은데 건강 검진하니까 수치가 다 나빠지더라고요 ,간헐적 단식 효과 
가급(NO:적이면 맵고 짠 거 잘 안 먹어서) 속 쓰리진 않아요,간헐적 단식 효과 
그것도 그거지만 좋은 점이 그 시간 이외에는 아무거나 먹어도 되요 ,간헐적 단식 효과 
괜찮은지 아닌지는 몰라도 전 디저트 이런 거 다 먹어도 살이 빠지더라고요 ,간헐적 단식 효과 
뭐 뺄 살도 없어 보이지만 관심 있으시면 추천합니다 ,간헐적 단식 효과 
요즘 모임이 다 캔슬되니까 이참에 해보는 거 어때요,간헐적 단식 효과 
그래요 한 번 해보세요 좋은 경험이 될 거예요,간헐적 단식 효과 
일일 일식 정말 한끼만 먹는거예요,간헐적 단식 효과 
그렇게 굶는 건 살이 잘 찌는 체질로 변하는 거 아닌가,간헐적 단식 효과 
하긴 요즘 저녁 많이 먹으면 그게 제일 큰 골치더라고요,간헐적 단식 효과 
제가 일부러 임상한 거니까 나 보고 도전해 봐요 ,간헐적 단식 효과 
운동은 안 했지만 많이 걸으려고 노력했어요 ,간헐적 단식 효과 
기회가 되면 꼭 한번 해 보세요 ,간헐적 단식 효과 
그지 난 빵을 좋아해서 아주 좋아 ,시골 빵집 창업하기
(SP:) 나 커피숍에서 파는 빵들도 정말 비싸더라고,시골 빵집 창업하기
와 잘 어울린다 왜 그래서 창업하게,시골 빵집 창업하기
시골 빵집 요즘 그런 사람들 많은 거 같아 ,시골 빵집 창업하기
시골에서 가서 빵집을 (NO:)하는 이유가 뭐야,시골 빵집 창업하기
근데 시골 사람들이 빵을 많이 사먹나 술빵 그런 것도 아니고 ,시골 빵집 창업하기
아 막 백 년 역사 이런 거,시골 빵집 창업하기
그렇지 그런 거랑 시골 빵집은 다르잖아,시골 빵집 창업하기
(NO:)유기농 그(NO:런) 거 하고 그러는 거 아니야,시골 빵집 창업하기
그래 구례로 귀농하는 사람들도 많다더라 ,시골 빵집 창업하기
대박 청년 창업의 성공 사례 아니야,시골 빵집 창업하기
(NO:아 가본 거야),시골 빵집 창업하기
아 정말 진지하게 생각하는 거구나 ,시골 빵집 창업하기
맛 때(NO:문에) 성공한 거야,시골 빵집 창업하기
어떤 빵을 만들었는데,시골 빵집 창업하기
추어탕 이런 데 넣어 먹는 거 아니야,시골 빵집 창업하기
와 (NO:근사하다 ),시골 빵집 창업하기
그럼 대박이겠다 ,시골 빵집 창업하기
도대체 광고를 (NO:어떻게 하는데),시골 빵집 창업하기
방송에 한 번 나오면 끝나지,시골 빵집 창업하기
가게는 커 임대료는 싸겠다 ,시골 빵집 창업하기
(NO:정말 도시에서는) 젠트리피케이션 때문에 아무것도 못하잖아 ,시골 빵집 창업하기
그렇지 큰 목표만 보고 사느라 작은 행복을 놓치고 사는 거에 대한 반성이지 ,소확행 단어 학습
그래서 누군가는 지금 이 팬데믹이 우리에게 새로운 생각을 심는 시기라고 하잖아,소확행 단어 학습
아니 내가 그냥 만든 말이야 작지만 같이 누리는 행복 그럼 좋겠다고,소확행 단어 학습
그렇다 우린 늘 먼저 규정짓고 거기에 맞춰서 사람을 이해하는 경향이 있지 ,싸이코패스의 뇌 알기
그래 옛날엔 서점에도 많이 갔(NO:었는데) 언제 가봤는지 모르겠다 ,싸이코패스의 뇌 알기
꿈 해몽 이런 거 찾아보는 거지 나도 가끔 이상한 꿈 꾸면 찾아 봐 ,꿈해몽 
와 기대되는데 좀 더 구체적으로 얘기하면 집 안으로 온 게 뭔 상징이 아닐까,꿈해몽 
그래 도시의 비둘기야 이미지가 나쁘지만 한때는 평화의 상징 아니었냐,꿈해몽 
그렇지 (NO:근데) 신기하게 어르신들은 무슨 일 있을 때 신기한 꿈 많이 꾸더라,꿈해몽 
그런거겠지 (NO:그나마) 찾아 봐서 길몽이면 괜찮은데 반대의 경우엔 참 낭패지 ,꿈해몽 
그냥 지출 내역만 잘 (NO:입력하면) 자기가 알아서 계산을 해주는 건 물론이고 항목별 지출 분석까지 해준대 ,엑셀 도전하기 
물론이지 가계부 쓰는 거 하고 안 쓰는 거 하고 확연하게 지출 차이 나 ,엑셀 도전하기 
책으로 배울 수도 (NO:있는데) 요즘 (NO:인터넷에) 강연 자료 엄청 많아 ,엑셀 도전하기 
응 처음 배우긴 쉽지 않으니 어떻게든 배우려고 하는 거지 ,엑셀 도전하기 
전문적으로 하려면 부족하지 외국 대학에선 엑셀 프로그래밍 수업도 있다더만 ,엑셀 도전하기 
그래서 하는 말이야 기초를 배울 거면 유튜브 이용해서 배워도 충분해,엑셀 도전하기 
우선 안은 촉촉하고 밖은 바삭하게 하려면 후라이팬을 쓰는 게 좋아 ,스테이크 잘 굽는 법 
얇은 고기는 그릴이 좋은데 스테이크 고기는 후라이팬이 나아 내 취향이지만,스테이크 잘 굽는 법 
응 맞아 그렇지 않으면 온도 차이가 너무 심해서 그냥 타버리기 십상이야,스테이크 잘 굽는 법 
밑간을 할 때는 피부에 스킨 바르듯이 톡톡톡 두드리면서 올리브 오일이 살 속으로 들어가게 한참 두드려줘야 해 ,스테이크 잘 굽는 법 
응 스테이크 고기를 썰면 밖은 검고 안은 핑크빛 살이 보이지 ,스테이크 잘 굽는 법 
그것도 맛 들이면 맛있어 그리고 그건 피가 아니고 육즙이야,스테이크 잘 굽는 법 
그게 엄청 빠른 거야 보통 백신 하나 만드는데 십 년씩은 걸린대,코로나백신 시험 지원자
응 그래서 일상 이상 삼상 이렇게 여러 단계를 거치는 거야 ,코로나백신 시험 지원자
(NO:) 그런데 임상 시험 지원자들 나서는 거 보니까 뭔가 뭉클하더라,코로나백신 시험 지원자
응 내가 본 건 미국 (NO:어느 목사님이) 구십이 세인데 (NO:시험자로) 나섰(NO:더라고),코로나백신 시험 지원자
외국에서는 백신 시험자 모집 뉴스가 많던데 우리나라는 없나,코로나백신 시험 지원자
근데 백신 개발이 하도 경쟁이 심하니까 러시아 중국 미국 그런 나라들 기사들이 좀 다 부왕부왕해 ,코로나백신 시험 지원자
미국도 그렇고 중국도 그렇고 삼상 실험 지원자 모집 몇 백 명 막 이래 ,코로나백신 시험 지원자
(NO:)정말 우리나라에서 백신 개발되면 그야말로 방역 강대국이 될 텐데,코로나백신 시험 지원자
아무리 잘한다고 해도 기초 의학이나 바이오 이런 데에 투자가 적은 거 아닐까,코로나백신 시험 지원자
(NO:그나마) 코로나 바이러스는 변이가 생겨도 백신을 무력화할 만큼 그렇게 변이가 심한 바이(NO:러스는) 아니라네,코로나백신 시험 지원자
우린 그저 (NO:손) 잘 씻고 건강 잘 챙기고 과학자들을 응원하자,코로나백신 시험 지원자
어떤 게 나오더라 아 그거 아닌가 남편이 게임하니까 전원 꺼버리는,광고 트렌드
아 결혼해도 (NO:비울 수 없는 방이 있습니다) 뭐 그런 거 아니야,광고 트렌드
세상이 팍팍해질수록 그런 감성적인 게 빛을 발휘하나 봐 ,광고 트렌드
이 제작자 감각이 남다르네 말 그대로 인문학으로 광고한다 이거네,광고 트렌드
참 나 우리 학교 다닐 때는 (NO:신문 사설 읽고 논술 공부하고 그랬는데 ),뉴스 다이어트 방법
응 그건 공감해 너무 자극적이야 (SN:)그래서 어떻게 하래,뉴스 다이어트 방법
하긴 요즘 티비 뉴스 보면 정말 곧 무슨 일 날 거 같잖아 ,뉴스 다이어트 방법
응 말 되는 이야기다 정말 쓸데 없는 뉴스 진짜 많이 보게 되잖아 ,뉴스 다이어트 방법
맞아 어르신들 하루 종일 유튜브 보는 분들 많잖아 ,뉴스 다이어트 방법
그러니까 인터넷이 생겨서 (NO:좋은 점도) 많지만 참 어려운 것도 (NO:많아졌어 )(NO:),뉴스 다이어트 방법
응 뭔가 보이지 않는 손에 의해서 우리가 생각하고 행동하게 된다고나 할까,뉴스 다이어트 방법
처음에는 그랬는데 코로나 퍼지기 시작하면서 확 퍼진 거 같아,엠비티아이(MBTI) 유행 이유
나름 그런 (NO:거) 같아 이미 만들어진 건 팔십 년이 넘은 심리 테스트야 ,엠비티아이(MBTI) 유행 이유
그게 핵심이긴 하지 외향성 내향성 감각 직관 사고 감정 판단 인식 이렇게 네 가지로 나뉘는 거야 ,엠비티아이(MBTI) 유행 이유
(NO:그게) 재밌더라 요즘 젊은이 사이에서 유행하는 게 그거 맞추는 놀이 같은 거래 ,엠비티아이(MBTI) 유행 이유
그렇다니까 표가 쫙 나와있어서 그거 보고 잘 맞는다 아니다 그런 거 한대 ,엠비티아이(MBTI) 유행 이유
그만큼 인간에 대한 이해의 폭이 좁아지겠군 맞네 그 의견,엠비티아이(MBTI) 유행 이유
이엔에프제이가 정의로운 (NO:사회운동가 이런 거거든 딱이지) 않아,엠비티아이(MBTI) 유행 이유
(NO:)그래서 나는 코로나 확 퍼지면서 이게 퍼진 것도 그럴만하겠다 그런 생각이 들더라고 ,엠비티아이(MBTI) 유행 이유
(NO:)그래 그거야 그렇다면 좋은 영향이 되지 않을까,엠비티아이(MBTI) 유행 이유
이거 덕에 사람들이 반성하는 시간을 (NO:가졌)으면 좋겠다 ,엠비티아이(MBTI) 유행 이유
안 그런 사람도 (NO:많다는 게) 함정이지 ,엠비티아이(MBTI) 유행 이유
그런 의미에서 검사나 한 번 받아 보지,엠비티아이(MBTI) 유행 이유
응 인터넷에 들어가면 바로 해볼 수 있어 ,엠비티아이(MBTI) 유행 이유
처음엔 다 어려(NO:워) 왜 (NO:뭐) 글 써야할 일 있어,백지 공포증 극복하기 
그 정도면 꽤 긴 글인데 ,백지 공포증 극복하기 
그걸 백지 공포증이라고 해 ,백지 공포증 극복하기 
병명까지는 아니지만 시작이 어려운 걸 그리 (NO:말하더라고) ,백지 공포증 극복하기 
우선 네가 쓰고 싶은 글의 주제를 정해야지 ,백지 공포증 극복하기 
오 차원이 높은데 주제를 정했으면 그냥 쓰려고 하지 말고 에피소드들을 모아 봐 ,백지 공포증 극복하기 
(NO:강원국씨라고) 글쓰기 강사로 유명한 사람 있거든,백지 공포증 극복하기 
그래 맞아 그 사람 (NO:강연) 중에 팁을 말해주는데 도움이 될 거 (NO:같아 ),백지 공포증 극복하기 
글 쓸 키워드를 찾은 다음에 인터넷 서치를 먼저 한대 ,백지 공포증 극복하기 
그렇지 그렇게 칼럼 열 개 정도 보고 나서 자기 생각을 쓰기 시작한대 ,백지 공포증 극복하기 
그럴 수도 있겠지만 참고만 한다 생각하면 뭐,백지 공포증 극복하기 
아니 아니 (NO:그게 제일 큰 문제야) 글은 구조야 무슨 이야기로 시작해서 어떻게 (NO:흐름을) 잡느냐가 글쓰기의 핵심이지  ,백지 공포증 극복하기 
바로 그거야 글을 종이에 쓰는 게 아니야 머리에 먼저 써야지 ,백지 공포증 극복하기 
응 그런 다음에 순서별로 붙이는 거야 그러면 구조가 한 눈에 들어오잖아 ,백지 공포증 극복하기 
응 이렇게도 붙여보고 저렇게도 붙여보면서 구조를 만들어 봐 정말 도움이 많이 될 거야 ,백지 공포증 극복하기 
(NO:응) 그 포스트잇 구조를 옆에 (NO:두고) 조금씩 써가는 거지 ,백지 공포증 극복하기 
(NO:)그래 너무 바쁘게 살고 그러면 (NO:) (NO:점점) 공감 능력이 떨어지는 법이야,공감력 높이기 
공감은 타인에 대한 생각을 하는 데서 시작하는데 그럴 시간을 허락하지 않은 거지,공감력 높이기 
그런 건 아직 못 본거 같고 어느 대학 커리큘럼에 재미있는 게 있더라,공감력 높이기 
그래 시를 잃은 그대에게 그 베스트셀러 책도 공대생들에게 시를 가르치는 수업이었잖아 ,공감력 높이기 
시를 읽는 것도 좋은데 시를 베껴 쓰기를 해 봐 느낌이 확 달라져 ,공감력 높이기 
요즘 글씨 안써서 글씨체 다 망가지잖아 (NO:그런 데에도) 효과가 있어 ,공감력 높이기 
음 정기적으로 하는 게 좀 부담이 된다면 소설을 읽어 (NO:봐),공감력 높이기 
그럼 어떤 작가는 그런 말 하더라 (NO:우리나라 정치가 잘 되려면) 정치인이 소설을 읽어야 (NO:한다고 ),공감력 높이기 
맞아 그래서 소설을 읽으면 공감 (NO:능력이 있다고) 얘기하는 거야 ,공감력 높이기 
날 못 믿는구나 실제로 외국에서 그런 연구를 했던 걸 본 적이 있어 ,공감력 높이기 
다행이야 지난번에 만난 사람은 그런 말 하더라 자기는 니 자식이라면 그러겠니 이런 말이 제일 싫대 ,공감력 높이기 
자기 자식이어야 공감하고 이해하는 우리 사회의 얄팍함이 싫단 얘기였어,공감력 높이기 
그런 거지 자식 이야기까지 끌어 내지 않아도 공감해야 하는 문제가 많다는 거지 ,공감력 높이기 
맞아 아무 이해 없이도 충분히 공감하고 용감한 일에 뛰어드는 사람들 그런 사람들이 많아져야 할텐데,공감력 높이기 
그러려면 일을 좀 줄이는 것도 방법인거 같아 사색의 시간이 필요하잖아,공감력 높이기 
예전에는 친구였더라 존경심과 경외심을 동시에 갖고 있다 그렇게 말했지 ,경쟁심의 명과 암
응 스포츠의 세계에선 사실 이런 점을 이용하기도 하는 거 같아 ,경쟁심의 명과 암
그치 성적으로만 기억되는 더러운 세상 뭐 이런 거잖아 ,경쟁심의 명과 암
그렇지 우리의 능력은 우리가 생각하는 것 이상일 때가 종종 있으니까,경쟁심의 명과 암
그래도 이렇게 (NO:솔직하게) 얘기하는 거 보니까 멘탈도 나쁘지 않네 ,경쟁심의 명과 암
사실 난 (NO:경쟁심이 너무 강해서 경쟁을 피하거든) 날 통제하지 못할 거 같아서 ,경쟁심의 명과 암
(SN:)마인드 (NO:컨트롤)이랄 건 없고 쓸데없는 잡념이 들면 그냥 걸어 (NO:),경쟁심의 명과 암
명상까지는 아니고 한 시간쯤 부지런히 걸으면 생각이 점점 정리되는 기분이 느껴져 ,경쟁심의 명과 암
(NO:)(NO:너는) 그냥 경쟁 속으로 뛰어들어 넌 그럴만한 배포가 있잖아 ,경쟁심의 명과 암
미친 거 아니(NO:고) 너의 뇌가 하루종일 들어온 (NO:정보)를 정리하는 거야,번 아웃 증후군 퇴치법
그런데 나를 움직이는 동인은 나라는 거야 내가 멋진 커리어를 가진 전문가가 되어야 겠다 이런 목표가 있는 거지 ,번 아웃 증후군 퇴치법
꼭 그렇지 않대 그래서 자기한테 너무 냉혹하고 채찍질만 계속 시키게 된다는 거지 ,번 아웃 증후군 퇴치법
그렇게까지는 아니어도 혼자 있는 시간을 갖고 생각한 대로 행동하고 그러라는 거지 ,번 아웃 증후군 퇴치법
읽을 때도 그래 그런데 읽고 나서 내가 이해했나 돌이켜보면 하나도 모르겠어 ,번 아웃 증후군 퇴치법
맞아 재독 철학자인데 그 사람 개인 스토리는 안 나왔고 아무튼 독일에선 최고 권위자래 ,번 아웃 증후군 퇴치법
나름의 방법을 찾아야지 예전에 나 아는 요가 선생은 아무것도 하지 말고 삼십 분씩 공원에 나가 있으라고 했어 ,번 아웃 증후군 퇴치법
응 지금은 그렇지만 예전에는 나도 너처럼 피폐해졌었어 ,번 아웃 증후군 퇴치법
비건은 동물에게 불필요한 고통을 가하길 원치 않는다는 신념에서 시작됐기 때문에 윤리적인 측면이 강해요,비건식단과 채식식단의 차이
(SP:)식 식 나는 윤리적인 측면보다는 육류보다 채소를 많이 먹어서 건강해지려는 목적이 크거든요,비건식단과 채식식단의 차이
그래서 채소 위주의 가공하지 않은 식품을 주로 먹게 되는 거죠,비건식단과 채식식단의 차이
몸에 좋은 음식을 기준으로 하기 때문에 생선을 먹거나 친환경에서 자란 닭을 먹는 경우도 있어요,비건식단과 채식식단의 차이
건강하고 칼로리가 낮은 식품을 주로 먹기 때문에 소화도 잘되고 다이어트에도 효과가 있거든요,비건식단과 채식식단의 차이
비건이든 채식이든 현대인들의 고질병을 예방하는데 큰 도움이 되거든요,비건식단과 채식식단의 차이
채식 식단은 식이섬유와 칼륨 등 영양소가 풍부해서 (NO:고혈압)을 비롯한 (NO:심)혈관 질환을 예방하는데 도움을 줘요,비건식단과 채식식단의 차이
육식을 하는 사람에 비해 채식을 하는 사람들은 혈중 콜레스테롤 수치가 낮다는 연구결과도 있으니 믿으셔도 될 거예요,비건식단과 채식식단의 차이
고기를 먹지 않으니 콜레스테롤 수치가 떨어지는 건 당연한 일 아닐까요,비건식단과 채식식단의 차이
제 경우는 환경문제에 관심을 갖게 되면서 자연스럽게 비건이 됐어요,비건식단과 채식식단의 차이
축산업이 지구 환경을 더럽히는 주요 원인 중 하나라는 사실을 알게 되니까 고기에 잘 손이 가지 않더라고요,비건식단과 채식식단의 차이
세상이 너무 빨리 변하니까 반려 로봇 나온 얘긴 들었어,반려 로봇 출현
출시된 건 아니고 그 라스베가스에서 열리는 유명한 가전 전시회 있잖아,반려 로봇 출현
응 그냥 뉴스에서 손에 들고 있는 거 봤는데 (NO:공) 모양이더라 ,반려 로봇 출현
뭐 하는 게 많더라고 시큐리티도 하고 (NO:) 스마트폰하고 연동해서 홈 비서 역할을 한대 ,반려 로봇 출현
피트니스 트레이너 뮤직 플레이어 말동무 기능 이런 게 된다나 봐 ,반려 로봇 출현
원래 애완 로봇이 왜 생겼겠니 외로운 사람들의 반려가 되기 위해서지 ,반려 로봇 출현
한 가지 반려견이나 반려묘와 이별을 경험한 사람은 반려 로봇에 관심 가질 수도 있(NO:잖아 ),반려 로봇 출현
그런가 아무튼 그거 발표하면서 집은 사용자의 요구에 반응하고 응답하는 살아있는 생명체와 같다 이런 말을 했어  ,반려 로봇 출현
응 새로운 변화는 (NO:어쩔) 수 없는 거고 우리는 그걸 긍정적으로 바꿔 나갈 거란 기대가 있어 ,반려 로봇 출현
맞아 당연한 것들을 돌아봐야 사회의 그늘이 없어지는 거 같아 ,반려 로봇 출현
아 엊그제 어머님이 전화를 하셨는데 요즘 무릎 통증이 심하다고 하셔서,무릎 통증 관리
사실 나도 등산 한 번씩 다녀오면 요즘은 무릎이 좀 아프더라고 ,무릎 통증 관리
내가 요즘 살이 좀 많이 쪘는데 그래서 무릎에 더 부담이 가는 것 같기도 해,무릎 통증 관리
그런데 무릎이 안 좋으니까 운동도 마음대로 못 하겠더라고,무릎 통증 관리
그렇구나 그런데 수영장까지 가는 건 아무래도 좀 부담인데,무릎 통증 관리
얼마 전에 실내 자전거 타기 운동 기구를 구입했는데 혹시 그런 건 별론가 ,무릎 통증 관리
음식도 신경을 좀 써야할 것 같은데 특별히 좋은 음식이 있나 ,무릎 통증 관리
그건 그렇지만 그래도 도움이 될 만한 음식 종류는 좀 알아 두는 게 좋을 것 같아 ,무릎 통증 관리
오 지금 내가 찾아보니까 비타민이 풍부한 녹색 채소류가 좋다네 ,무릎 통증 관리
견과류도 좋다고 하고 우유나 미역 김 같이 칼슘이 풍부한 음식 육류 등을 골고루 먹으래,무릎 통증 관리
자세 쭈그리고 앉는 자세가 무릎에 가장 치명적이래 ,무릎 통증 관리
걸을 때는 무릎에 체중의 세 배 정도 하중이 실리는데 쪼그려 앉으면 무려 아홉 배의 하중이 실린대  ,무릎 통증 관리
양반다리나 다리를 꼬는 자세도 무릎에 무리를 줄 수 있다니 조심해야 해 ,무릎 통증 관리
응 재활 관리를 열심히 한 덕분인가 수술 전보다 훨씬 좋아지셨어 근데 왜 ,인공관절 수술에 대하여
인공 관절 수명을 대략 이삼십 년 정도로 보거든(NO:),인공관절 수술에 대하여
수술하고 며칠 지나서부터 평행봉 잡고 걷는 연습 시작하셨지 ,인공관절 수술에 대하여
빨리 회복하고 싶다고 진짜 열심히 꾸준히 재활하시더라고,인공관절 수술에 대하여
나도 그런 줄 알았는데 몸을 움직이지 않으면 오히려 관절 근력이 약해진대 ,인공관절 수술에 대하여
우리 어머니도 많이 무서워하셨는데 요즘은 수술 후 통증을 줄여주는 방법이 많이 있나보더라,인공관절 수술에 대하여
그렇지도 않아 바닥에 쪼그리고 (NO:앉거나 양반다리) 같은 자세가 아니면 큰 무리 없던데,인공관절 수술에 대하여
우리 어머니도 당뇨를 앓고 계신데 수술 전에 혈당 관리를 더 철저하게 시키긴 하더라고,인공관절 수술에 대하여
그렇지 않으면 세균 감염 같은 합병증이 생길 위험이 있다고,인공관절 수술에 대하여
(SN:)요를 깔고 개고 바닥에 누웠다 일어나고 (NO:하는 동작들이) 무릎 관절에 꽤 무리가 가거든 ,인공관절 수술에 대하여
(SP:그)그거 좋겠네 (NO:) 너무 무거운 물건을 드는 것도 관절에 부담이 가니 피하시도록 하고 ,인공관절 수술에 대하여
서는 그리 권하지는 않더라고 효과가 확실하게 증명되지는 않았대 ,인공관절 수술에 대하여
맞아 난 일어나기 너무 힘들어서 알람을 일 분 단위로 설정해 놓잖아 ,내 몸을 망치는 안 좋은 아침 습관
내일부턴 정말 일어나는 시간에만 알람을 맞춰놔야겠다 ,내 몸을 망치는 안 좋은 아침 습관
근데 난 눈은 떴어도 침대에서 몸을 일으키는 게 그렇게 어렵더라 ,내 몸을 망치는 안 좋은 아침 습관
한참 동안 침대에서 빈둥빈둥해야 겨우 정신 좀 차리고 일어날 수가 있더라고 ,내 몸을 망치는 안 좋은 아침 습관
아 뭐 그래야 좀 활기차게 아침을 시작할 수 있긴 하겠지 ,내 몸을 망치는 안 좋은 아침 습관
그렇지 잠도 좀 깨야 되고 중요한 연락도 좀 확인하고,내 몸을 망치는 안 좋은 아침 습관
알았어 내일부턴 아침에 알람 한 번에 곧바로 침대에서 일어나서 찬물부터 한 잔 마셔야겠다 ,내 몸을 망치는 안 좋은 아침 습관
찬물 한 잔 시원하게 마시면 잠도 깨고 공복에 물 한 잔 마시는게 좋다던데 ,내 몸을 망치는 안 좋은 아침 습관
정말 안그래도 요즘 소화가 잘 안돼서 고생하고 있었는데 ,내 몸을 망치는 안 좋은 아침 습관
조심해야겠다 그러면 아침에 물을 마시면 안되는 거야 ,내 몸을 망치는 안 좋은 아침 습관
그래도 뭐라도 먹지 않으면 허기져서 출근을 못 하겠더라 ,내 몸을 망치는 안 좋은 아침 습관
오늘 아침엔 어제 먹다 남은 도너츠가 있길래 집어먹고 왔지 ,내 몸을 망치는 안 좋은 아침 습관
아니 왜 이렇게 안되는 게 많아 단 음식은 또 왜 ,내 몸을 망치는 안 좋은 아침 습관
그렇긴 하지 나두 십 년 넘게 아침은 커피 한잔으로 때웠으니까,"커피, 이렇게 마시면 최악!"
그런데 이제부터는 좀 자제하려고,"커피, 이렇게 마시면 최악!"
며칠 전에 과학 유튜브 채널에서 봤는데 모닝 커피가 건강을 해칠 수도 있다네 ,"커피, 이렇게 마시면 최악!"
긴장이나 고통 같은 다양한 스트레스에 맞서 분비되는 호르몬이야 ,"커피, 이렇게 마시면 최악!"
신체에 에너지를 공급해 우리 몸을 활발하게 해주는 역할을 하지 ,"커피, 이렇게 마시면 최악!"
응 코르티솔 호르몬이 왕성하게 분비되는 아침에 커피까지 마시게 되면 신체 각성 작용이 과도해진다는 거지 ,"커피, 이렇게 마시면 최악!"
코르티솔이 가장 적게 분비되는 오전 열 시부터 정오 혹은 오후 두 시부터 다섯 시 사이가 좋대 ,"커피, 이렇게 마시면 최악!"
식사 중이나 식후에 바로 마시는 커피는 철분 흡수를 방해하거든 ,"커피, 이렇게 마시면 최악!"
신진대사가 제대로 이뤄지지 못해서 쉽게 피로감을 느끼게 되고 집중력도 떨어지기 쉽다고 ,"커피, 이렇게 마시면 최악!"
식사하고 나서 최소한 삼십 분 정도 지나서 마시는 게 좋대 ,"커피, 이렇게 마시면 최악!"
그렇지 근데 저번에 보니까 너 회식하고 난 다음날 아침부터 커피 마시고 있더라 ,"커피, 이렇게 마시면 최악!"
그렇지만 건강을 생각한다면 해장 취향도 바꾸는 게 좋을걸 ,"커피, 이렇게 마시면 최악!"
그렇게 생각하기 쉽지만 음주 후엔 수분을 충분히 섭취하는 게 아주 중요하거든 ,"커피, 이렇게 마시면 최악!"
그런데 카페인은 체내 수분 배출하기 작용을 촉진한단 말이야 ,"커피, 이렇게 마시면 최악!"
그래서 우리 몸을 오히려 노곤하고 처지게 만든대,"커피, 이렇게 마시면 최악!"
좋아 그런데 난 미지근한 물을 좀 섞어 줘 ,"커피, 이렇게 마시면 최악!"
주문해서 바로 나오는 뜨거운 커피의 온도가 몇 도나 되는지 알아,"커피, 이렇게 마시면 최악!"
그런데 세계 보건 기구 더블유에이치오에서는 육십오 도 이상의 뜨거운 음료를 발암 물질로 규정하고 있다고 ,"커피, 이렇게 마시면 최악!"
그렇지도 않아 아예 차박이 가능하도록 차 내부를 확장 개조하는 사람들도 있긴 한데,코로나시대의 여행트렌드-차박캠핑
굳이 그러지 않아도 가지고 있는 차를 숙소로 사용할 수 있는 방법이 많더라고 ,코로나시대의 여행트렌드-차박캠핑
차 안에서 자는 게 영 어려우면 차량 위에 설치하는 루프톱 텐트 같은 것도 있어,코로나시대의 여행트렌드-차박캠핑
응 나도 처음엔 걱정을 많이 했는데 생각보다 너무 좋았어,코로나시대의 여행트렌드-차박캠핑
요즘은 차박이 인기를 끌면서 품질 좋은 매트가 많이 나온대 ,코로나시대의 여행트렌드-차박캠핑
나도 이번에 처음 사용해 봤는데 생각보다 푹신하고 안정적이더라 ,코로나시대의 여행트렌드-차박캠핑
일반 텐트가 비교적 가격도 저렴하고 원하는 크기의 텐트를 설치할 수 있다는 장점도 있지,코로나시대의 여행트렌드-차박캠핑
다만 땅에서 올라오는 한기에 약하고 눈비가 많이 올 경우엔 설치가 어렵다는 단점이 있어,코로나시대의 여행트렌드-차박캠핑
아니야 그러면 차 뒷자리랑 트렁크를 연결해서 잘 자리를 만들면 돼 ,코로나시대의 여행트렌드-차박캠핑
두 명 정도는 소형차로도 얼마든지 차박 캠핑이 가능하더라 ,코로나시대의 여행트렌드-차박캠핑
짐이 너무 많아도 번거로워서 최소한의 물품을 효율적으로 챙기는 게 좋긴 해 ,코로나시대의 여행트렌드-차박캠핑
다만 접이식 테이블이나 의자 매트와 침낭 취사도구 같은 건 기본적으로 챙겨야지 ,코로나시대의 여행트렌드-차박캠핑
랜턴이랑 휴대용 배터리 상비약 같은 것도 챙기는 게 좋아,코로나시대의 여행트렌드-차박캠핑
벌레 퇴치제나 연고 같은 것들을 가져가면 유용하더라고 ,코로나시대의 여행트렌드-차박캠핑
캠핑 요리가 얼마나 다양한데 물론 삼겹살에 차가운 맥주 한잔이면 뭐 더 이상 바랄 게 없긴 하지만 ,코로나시대의 여행트렌드-차박캠핑
그렇지 나도 여름휴가 땐 종종 해외여행을 갔었는데 이번엔 못 갔어 ,코로나 시대의 이색 여행 상품
와 비행기 구십 분 타고 내리는데 그 돈을 낸다고 ,코로나 시대의 이색 여행 상품
대박 나도 지금 검색해봤는데 비행하는 척 서비스만 있는게 아니네 ,코로나 시대의 이색 여행 상품
캐나다의 어느 항공사에서는 냉동 기내식 배달 서비스를 시작했대,코로나 시대의 이색 여행 상품
맥앤치즈 고구마 스튜 같이 실제 이 항공사에서 제공하는 기내식 메뉴들을 배달해 준대 ,코로나 시대의 이색 여행 상품
여행 때 맛본 기내식의 맛을 그리워하는 사람들이 꽤 많이 이용한다는데 ,코로나 시대의 이색 여행 상품
코로나 때문에 냉동 음식을 대폭 저장해 두려는 사람들한테도 인기래,코로나 시대의 이색 여행 상품
기내에서 제공되는 아몬드 같은 먹거리랑 비즈니스 클래스용 잠옷하고 로션을 패키지로 팔았대,코로나 시대의 이색 여행 상품
사실 코로나 때문에 직격탄을 맞은 업계가 항공업계긴 하니까  ,코로나 시대의 이색 여행 상품
응 매운 음식을 먹으면 통증에 대응하기 위해서 우리 몸에서 엔도르핀을 분비하는 거야 ,매운 음식 열전
칼칼한 고춧가루를 듬뿍 넣은 매운 낙지볶음에 콩나물이랑 밥을 슥슥 비벼서 먹으면… ,매운 음식 열전
부드러운 살코기와 쫀득한 껍데기에 매운맛 양념의 조화,매운 음식 열전
맞아 주인 아저씨가 그러는데 완뽕 도전하다가 기절하는 사람도 많대,매운 음식 열전
집에서 먹는 거니 아주 편한 옷차림으로 땡초 라면에 맥주 한잔 마시고 나면 천국이 따로 없다,매운 음식 열전
맞아 요즘은 매운맛 강도를 조절할 수 있는 떡볶이 가게도 많더라 ,매운 음식 열전
어우 침 넘어간다 말만 하지 말고 직접 해 주면 안돼 ,매운 음식 열전
오늘 글쎄 내 생일도 아니고 니 생일도 아니고 무슨 날인데,계란 보관법
빼빼로데이 로즈데이 별별 데이가 다 있더니 이제 계란 먹는 날도 다 생겼구나,계란 보관법
나둔데 마땅히 먹을게 없을 때 계란만 있어도 든든하더라고 ,계란 보관법
좀 신경쓰면 계란말이나 계란찜 아니면 계란프라이라도 ,계란 보관법
난 거의 매일 먹는 것 같긴 한데 일 년이면 삼백 개는 먹을 것 같아 ,계란 보관법
왜 거기 두는 게 좋으니까 알아서 보관 자리를 만들어 둔 거 아니야 ,계란 보관법
낮은 온도와 높은 습도 그렇게 애매하게 말하면 누가 알아 먹어 구체적으로 몇 도 ,계란 보관법
냉장고 안의 음식 냄새가 계란으로 흡수되는 것을 막아줄 수 있다며,계란 보관법
내가 가장 즐겨먹는 건 오른손으로 비비고~ 왼손으로 비비고~ ,맛있는 야식 꿀조합
너 나랑 좀 통한다 비빔면 다음으로 내가 좋아하는 야식은 역시 치느님 ,맛있는 야식 꿀조합
난 역시 밥심이 중요한 한국 사람이라 치킨 먹을 때도 밥이 있어야 돼 ,맛있는 야식 꿀조합
뭔데 뭔데 안 그래도 조금 색다른 맛 없나 고민 중이었는데 ,맛있는 야식 꿀조합
근데 가끔은 배달이 안 될 정도로 늦은 시간인데 배가 엄청 고플 때 있잖아 ,맛있는 야식 꿀조합
내가 요즘 새로 터득한 건 짜장라면이랑 불닭볶음면 섞어 먹기 ,맛있는 야식 꿀조합
단 혼자서 이거 다 먹으면 다음날 얼굴 땡땡 부을 수 있다 ,맛있는 야식 꿀조합
그건 그래 가끔 단 음식이 땡길 땐 편의점 모찌롤이랑 초코우유 조합도 괜찮아 ,맛있는 야식 꿀조합
난 내가 라면 끓였는데 한입 달라는 사람이 더 얄밉던데 ,라면의 비밀
칠십 개면 뭐 대충 오 일에서 일주일 사이에 하나 먹는 거네 ,라면의 비밀
그럼 국수 파스타 우동 그런 것들은 다 면발이 직선이잖아 ,라면의 비밀
이렇게 긴 면발을 작은 봉지 안에 넣으려면 꼬불거리는 형태로 만들어야 된다는 거지,라면의 비밀
그래서 바람이 잘 통하기 때문에 쉽게 건조할 수 있고 기름에도 잘 튀겨진대 ,라면의 비밀
직선으로 된 면에 비해 냄비 바닥에 덜 달라붙는다는 장점이 있어 ,라면의 비밀
뜨거운 물을 부었을 때 안쪽 용기는 열이 밖으로 나가지 않게 도와주는 용도 ,라면의 비밀
그건 그렇지 그래서 요즘 컵라면은 종이 재질로 많이 바뀌는 것 같던데 ,라면의 비밀
그치 너무 맘에 들어서 예전부터 찜 해놨던 건데 저렴하게 살 수 있는 기회가 생겨서 ,생활비 아끼는 꿀팁-하자제품 구매 
이 노트북도 누가 반품한 리퍼브 제품이라 싸게 파는 거 산 거야 ,생활비 아끼는 꿀팁-하자제품 구매 
그럼 매장에 전시해 놨던 제품도 있고 내가 산 것처럼 누가 샀다가 반품한 경우도 있고 ,생활비 아끼는 꿀팁-하자제품 구매 
보통 전자 제품은 박스를 뜯으면 그 순간에 중고 되는 거거든 ,생활비 아끼는 꿀팁-하자제품 구매 
당연하지 반 가격인 것도 흔하고 최대 팔십 프로까지 싼 것들도 있던데 ,생활비 아끼는 꿀팁-하자제품 구매 
요즘은 리퍼브 제품만 전문적으로 판매하는 매장이 꽤 많아 ,생활비 아끼는 꿀팁-하자제품 구매 
사고 싶은 게 있으면 일단 그런 곳을 검색해서 찾아가 보면 도움이 될걸 ,생활비 아끼는 꿀팁-하자제품 구매 
(NO:)고객이 사용하던 이케아 가구를 매장에 재판매하면 이케아가 이걸 수선해서 다시 유통시키는 서비스래,생활비 아끼는 꿀팁-하자제품 구매 
새 상품보다 저렴한 가격이지만 이케아가 싹 손을 봐서 깔끔하게 만든 제품인 거지 ,생활비 아끼는 꿀팁-하자제품 구매 
그러게 말이야 나도 필요한 가구가 있었는데 그 서비스를 한번 이용해 보려고 ,생활비 아끼는 꿀팁-하자제품 구매 
너도 복권 당첨되면 나한테 벤츠 한 대 사준단 얘기 백 번쯤 한 것 같은데 ,내가 복권에 당첨된다면? 
당연하지 그 영국 할아버지야 미국 복권에 당첨됐으니까 당첨금도 어마어마했지만 ,내가 복권에 당첨된다면? 
솔직히 요즘 우리 나라에선 복권 당첨돼 봐야 얼마 안될걸 ,내가 복권에 당첨된다면? 
바로 그거야 쫄리면 뭐 사표낸다 그 생각만으로도 좀 든든할 것 같아,내가 복권에 당첨된다면? 
맞아 미국의 어떤 부부도 엄청난 액수의 복권에 당첨됐는데 하나도 변한 게 없이 살고 있다던데 ,내가 복권에 당첨된다면? 
심지어 살던 집도 그대로 차만 좀 좋은 걸로 바꿨다던가 ,내가 복권에 당첨된다면? 
물론 너무 돈이 없어도 힘들겠지만 어느 정도 이상이 되면 큰 차이가 없다더라고,내가 복권에 당첨된다면? 
그렇지 복권 당첨금 때문에 주변 사람들과 갈등이 생겨서 불행해진 사례도 꽤 있더라고,내가 복권에 당첨된다면? 
자 내가 선물로 한 장 사 줄게 대신 당첨되면 나랑 절반으로 나누는거다 ,내가 복권에 당첨된다면? 
응응 궁금하다 와 사진 보니까 진짜 멋있다,한국전쟁 당시 참전 여성들
우와 구월산 여장군이라니 별명도 진짜 대단하다,한국전쟁 당시 참전 여성들
이야 진짜 끝내준다 누가 여자들 전쟁 때 숨어있었다고 하면 말해 줘야지,한국전쟁 당시 참전 여성들
아니 국제 정세 보려면 읽기는 해야 하는데 생각보다 잘 안 읽게 되네,외국 신문 선호도
그 무슨 혁신 보고서인가 나오고 나서부터 달라지기 시작했던데,외국 신문 선호도
티비편성표가 더는 사람들의 티비 시청 방식을 반영하지 못한다,외국 신문 선호도
이야 증권가 찌라시가 진화하고 진화하고 진화해 완전체가 된 것 같지 않아,외국 신문 선호도
아마도 이 차는 피피엘 아니고 주인공 성격 표현하려고 정했을걸,드라마 피피엘
돈을 많이 버는 마약제조범이 안탈 것 같은 눈에 띄지 않는 차가 필요했던 거겠지,드라마 피피엘
맞아 평범한 직업을 가진 중년 남자가 극한 상황에서 가족 지키는 이야기,드라마 피피엘
아마 그럴걸 이십대 미국 남성들에게 어필하는 캐릭터가 그렇다고 분석해 놓은 기사 봤어 ,드라마 피피엘
그러니까 가끔은 내가 드라마를 보는 건지 광고를 보는 건지 모르겠더라고,드라마 피피엘
응 인기를 끌면 막판에 광고주들이 막 붙는대 그래서 더 많아지는 거래,드라마 피피엘
맞아 이제 공중파 방송국은 영향력이 없어 차라리 유튜버가 낫지,드라마 피피엘
야 그 소리는 '카페나 차려 볼까' 하는 말이랑 똑같은 거야 얼마나 힘든데,드라마 피피엘
어 그러니까 안 그래도 그거 물어보더라 당장 일월부터 일해야 하는데 가능하냐고,퇴직 고민
그만큼 하고 싶은 일인지 아직 잘 모르겠어 애들도 걸리고 애들은 절대 반대래,퇴직 고민
나는 이번에 깨달은 게 지금 당장 나한테 필요한 건 성장이나 성취가 아니라 돌봄이라는거,퇴직 고민
옛날에 새로운 거 불안하고 걱정되기도 하지만 엄청 흥분되고 짜릿했거든,퇴직 고민
하고 싶어서 안달나고 그랬는데 지금은 스트레스로 너무 힘들어서 온몸에서 경련이 나더라고,퇴직 고민
그래 나는 성공이라든가 명예는 관심 없는데 성취욕구가 강하거든,퇴직 고민
그걸 못하면 병이 나 근데 하면서 나를 갈아넣어서 또 병이 나 이게 뭐니,퇴직 고민
응 그러니까 지금 재만 남은 기분이야 몸은 또 안돌아가고,퇴직 고민
어차피 될지 안 될지도 모르지만 일련의 과정을 끝냈다는 것만으로도 넘나 속 시원해,퇴직 고민
어제 부사장이랑 한바탕했어이러다가 본부장이랑 나랑 둘 중의 하나가 미치든 할 거 같아,퇴직 고민
아니 중요한 결정 구조는 다 자기가 쥐고 있으면서 나한테 할거냐고 하면 어떻게 해,퇴직 고민
자기가 외주자 써서 핸들링한다고 하는데 그 사람들이 그게 가능하냐고,퇴직 고민
그래서 본부장이 옆에서 듣고 있다가 언제요 그랬더니 같이 들었잖아요 그랬대,퇴직 고민
이건 말하지마 나 없는 사이에 내 밑에 직원 시켜서 프로젝트 빼가고,퇴직 고민
어 외근 나갔다가 돌아왔더니만 직원이 그러더라고 내가 주라고 그랬대,퇴직 고민
